{"final_test/f1":0.8769230769230769,"bestval_test/balanced_accuracy":0.9203619909502263,"train/invalid_label_rate":0,"test/macro_f1":0.9046148255813953,"_step":57,"selection/metric_name":"macro_f1","final_test/balanced_accuracy":0.8914027149321266,"val/macro_f1":0.8983693933782013,"train/accuracy":1,"test/accuracy":0.9066666666666666,"train/lr":1.9999999999999995e-05,"val/accuracy":0.9,"test/cls_loss":0.5715798453364578,"final_test/auprc":0.9086668824982334,"train/auroc":1,"train/auprc":0.9999999999999998,"val/decision_threshold":0.1645177327699119,"test/auprc":0.9057957507758843,"best_val/decision_threshold":0.1645177327699119,"bestval_test/auprc":0.9048844866758871,"val/auprc":0.9037688373321167,"_timestamp":1.7715657686659167e+09,"final_test/invalid_label_rate":0,"val/cls_loss":0.5725574285417311,"val/invalid_label_rate":0,"teacher/acceptance_rate":0.5832531280076997,"train/eval_loss":0.0003634649701758331,"bestval_test/auroc":0.9447963800904977,"test/auroc":0.945158371040724,"final_test/accuracy":0.8933333333333333,"bestval_test/f1":0.9090909090909091,"final_test/auroc":0.9446153846153846,"teacher/requested_samples":1039,"bestval_test/accuracy":0.92,"_runtime":6158.624732282,"bestval_test/invalid_label_rate":0,"best_step":56,"train/eval_cls_loss":0.0003634649701758331,"val/auroc":0.9270588235294118,"val/loss":0.572557428541731,"final/decision_threshold":0.16760764755184984,"_wandb":{"runtime":6158},"test/invalid_label_rate":0,"test/decision_threshold":0.1645177327699119,"epoch":2,"test/loss":0.5715798453364579,"selection/best_val_metric":0.8983693933782013,"train/trainer_loss":0.4565975102131285,"teacher/accepted_samples":606}