{
  "step": 20,
  "decision_threshold_rule": "val_max_macro_f1",
  "decision_threshold": 0.13294938985628937,
  "accuracy": 0.8666666666666667,
  "macro_f1": 0.8654949784791965,
  "balanced_accuracy": 0.869683257918552,
  "F1": 0.8529411764705882,
  "mcc": 0.733809279992806,
  "precision": 0.8169014084507042,
  "recall": 0.8923076923076924,
  "tp": 58.0,
  "fp": 13.0,
  "fn": 7.0,
  "tn": 72.0,
  "auroc": 0.9232579185520362,
  "auprc": 0.9162134141206493,
  "loss": 0.5357497661947266,
  "cls_loss": 0.5357497661947266
}