{
  "step": 120,
  "decision_threshold_rule": "val_max_macro_f1",
  "decision_threshold": 0.11920440676560981,
  "accuracy": 0.8666666666666667,
  "macro_f1": 0.8660714285714286,
  "balanced_accuracy": 0.8733031674208145,
  "F1": 0.8571428571428571,
  "mcc": 0.7399400733959437,
  "precision": 0.8,
  "recall": 0.9230769230769231,
  "tp": 60.0,
  "fp": 15.0,
  "fn": 5.0,
  "tn": 70.0,
  "auroc": 0.9276018099547512,
  "auprc": 0.9203681478868279,
  "loss": 0.5146808378102704,
  "cls_loss": 0.5146808378102704
}