{
  "step": 60,
  "decision_threshold_rule": "val_max_macro_f1",
  "decision_threshold": 0.11920302371636718,
  "accuracy": 0.86,
  "macro_f1": 0.8594941790445605,
  "balanced_accuracy": 0.867420814479638,
  "F1": 0.851063829787234,
  "mcc": 0.728345156302681,
  "precision": 0.7894736842105263,
  "recall": 0.9230769230769231,
  "tp": 60.0,
  "fp": 16.0,
  "fn": 5.0,
  "tn": 69.0,
  "auroc": 0.92579185520362,
  "auprc": 0.919259956075629,
  "loss": 0.5270351382481667,
  "cls_loss": 0.5270351382481667
}