{
  "step": 100,
  "decision_threshold_rule": "val_max_macro_f1",
  "decision_threshold": 0.1349974695226554,
  "accuracy": 0.88,
  "macro_f1": 0.8792270531400965,
  "balanced_accuracy": 0.8850678733031674,
  "F1": 0.8695652173913043,
  "mcc": 0.7635309228624745,
  "precision": 0.821917808219178,
  "recall": 0.9230769230769231,
  "tp": 60.0,
  "fp": 13.0,
  "fn": 5.0,
  "tn": 72.0,
  "auroc": 0.9263348416289593,
  "auprc": 0.9182897815432126,
  "loss": 0.5020786464843235,
  "cls_loss": 0.5020786464843235
}