{
  "step": 40,
  "decision_threshold_rule": "val_max_macro_f1",
  "decision_threshold": 0.13114472486576928,
  "accuracy": 0.8733333333333333,
  "macro_f1": 0.8716852010265184,
  "balanced_accuracy": 0.8737556561085973,
  "F1": 0.8571428571428571,
  "mcc": 0.7440849627249633,
  "precision": 0.8382352941176471,
  "recall": 0.8769230769230769,
  "tp": 57.0,
  "fp": 11.0,
  "fn": 8.0,
  "tn": 74.0,
  "auroc": 0.9263348416289593,
  "auprc": 0.9198443138201615,
  "loss": 0.5657464752422146,
  "cls_loss": 0.5657464752422146
}