{
  "step": 140,
  "decision_threshold_rule": "val_max_macro_f1",
  "decision_threshold": 0.10668113794249133,
  "accuracy": 0.8666666666666667,
  "macro_f1": 0.8658078368223296,
  "balanced_accuracy": 0.8714932126696833,
  "F1": 0.855072463768116,
  "mcc": 0.7366144390952897,
  "precision": 0.8082191780821918,
  "recall": 0.9076923076923077,
  "tp": 59.0,
  "fp": 14.0,
  "fn": 6.0,
  "tn": 71.0,
  "auroc": 0.9256108597285068,
  "auprc": 0.9182369886510405,
  "loss": 0.5721037299975105,
  "cls_loss": 0.5721037299975105
}