{
  "step": 20,
  "decision_threshold_rule": "val_max_macro_f1",
  "decision_threshold": 0.09645453829547539,
  "accuracy": 0.86,
  "macro_f1": 0.8592430403503284,
  "balanced_accuracy": 0.8656108597285068,
  "F1": 0.8489208633093526,
  "mcc": 0.7247572491287763,
  "precision": 0.7972972972972973,
  "recall": 0.9076923076923077,
  "tp": 59.0,
  "fp": 15.0,
  "fn": 6.0,
  "tn": 70.0,
  "auroc": 0.9227149321266969,
  "auprc": 0.915878751139336,
  "loss": 0.6053840783372505,
  "cls_loss": 0.6053840783372505
}