{
  "step": 180,
  "decision_threshold_rule": "val_max_macro_f1",
  "decision_threshold": 0.07585724613017851,
  "accuracy": 0.8533333333333334,
  "macro_f1": 0.8529149581030486,
  "balanced_accuracy": 0.8615384615384616,
  "F1": 0.8450704225352113,
  "mcc": 0.7168756843326876,
  "precision": 0.7792207792207793,
  "recall": 0.9230769230769231,
  "tp": 60.0,
  "fp": 17.0,
  "fn": 5.0,
  "tn": 68.0,
  "auroc": 0.9236199095022625,
  "auprc": 0.9159780423059073,
  "loss": 0.6435938936618077,
  "cls_loss": 0.6435938936618077
}