{
  "step": 160,
  "decision_threshold_rule": "val_max_macro_f1",
  "decision_threshold": 0.10667912001890162,
  "accuracy": 0.8666666666666667,
  "macro_f1": 0.8647186147186148,
  "balanced_accuracy": 0.8660633484162896,
  "F1": 0.8484848484848485,
  "mcc": 0.7297530809772501,
  "precision": 0.835820895522388,
  "recall": 0.8615384615384616,
  "tp": 56.0,
  "fp": 11.0,
  "fn": 9.0,
  "tn": 74.0,
  "auroc": 0.924343891402715,
  "auprc": 0.9172525319559659,
  "loss": 0.5955582626715875,
  "cls_loss": 0.5955582626715875
}