{"teacher/accepted_samples":9,"teacher/acceptance_rate":0.6923076923076923,"_timestamp":1.7715466977073593e+09,"_step":0,"_wandb":{"runtime":42},"_runtime":42.406107523,"teacher/requested_samples":13}