{"test/n_invalid_label":0,"_step":180,"test/auprc":0.8845732785434751,"test/step":180,"train/accuracy":0.6875,"val/auroc":0.9236199095022625,"train/hard_accuracy":0.6630434782608695,"train/reward_mean":0.375,"epoch":2,"test/n_test":150,"test/tp":58,"_timestamp":1.7722044204150472e+09,"val/auprc":0.9159780423059073,"_runtime":5179.0300021,"test/tn":70,"train/easy_accuracy":0.8888888888888888,"_wandb":{"runtime":5179},"train/loss":282.53167724609375,"test/balanced_accuracy":0.8579185520361992,"train/reward_std":0.125,"val/accuracy":0.8533333333333334,"train/thinking_length":189.375,"test/recall":0.8923076923076924,"test/fn":7,"test/precision":0.7945205479452054,"test/macro_f1":0.8523886205045625,"val/decision_threshold":0.07585724613017851,"test/accuracy":0.8533333333333334,"test/fp":15,"train/invalid_rate":0,"val/loss":0.6435938936618077,"test/auroc":0.9417194570135746,"val/macro_f1":0.8529149581030486}