{
  "created_at": "2026-02-19T23:04:11",
  "checkpoint_path": "tinker://c63cb939-1662-578f-9353-9cebd4bb9670:train:0/sampler_weights/reasoning_sft_20260219_225250_step_0_eval",
  "checkpoint_name": "reasoning_sft_20260219_225250_step_0_eval",
  "step": 0,
  "split": "val",
  "dataset_fingerprint": "c2cb607f54c1f6fee334f6830ddc0c68e3a85a8628f8a06337c434bced3abca3",
  "config_fingerprint": "aff1ecfe1403e6808d4ebe03f5a6b0b9a01b419cd9f2bb0f72bc31e49b5f0d55",
  "metrics": {
    "loss": 0.552664178465869,
    "cls_loss": 0.5526641784658688,
    "accuracy": 0.88,
    "macro_f1": 0.8792270531400965,
    "auroc": 0.9190950226244344,
    "auprc": 0.8816710658502083,
    "invalid_label_rate": 0.0,
    "decision_threshold": 0.24508502416032485,
    "balanced_accuracy": 0.8850678733031674,
    "F1": 0.8695652173913043,
    "mcc": 0.7635309228624745,
    "precision": 0.821917808219178,
    "recall": 0.9230769230769231,
    "tp": 60,
    "fp": 13,
    "fn": 5,
    "tn": 72
  }
}