{
  "created_at": "2026-02-20T13:57:33",
  "checkpoint_path": "tinker://c63cb939-1662-578f-9353-9cebd4bb9670:train:0/sampler_weights/reasoning_sft_20260219_225250_step_56_eval",
  "split": "train",
  "dataset_fingerprint": "c2cb607f54c1f6fee334f6830ddc0c68e3a85a8628f8a06337c434bced3abca3",
  "config_fingerprint": "aff1ecfe1403e6808d4ebe03f5a6b0b9a01b419cd9f2bb0f72bc31e49b5f0d55",
  "decision_threshold": 0.1824124427986859,
  "n": 698,
  "predictions_path": "/home/tzhou3/Financial-LLM-for-Analyst-Anomaly-Detection/tinker/runs/reasoning_sft_20260219_225250/student_phase/train.json",
  "metrics": {
    "decision_threshold": 0.1824124427986859,
    "loss": 0.5789200467561586,
    "cls_loss": 0.5789200467561584,
    "accuracy": 0.832378223495702,
    "macro_f1": 0.8280292198288841,
    "auroc": 0.9258637256130675,
    "auprc": 0.8925186473913072,
    "invalid_label_rate": 0.0,
    "balanced_accuracy": 0.8257634624221916,
    "F1": 0.8006814310051107,
    "mcc": 0.6573442818994225,
    "precision": 0.8274647887323944,
    "recall": 0.7755775577557755,
    "tp": 235,
    "fp": 49,
    "fn": 68,
    "tn": 346
  }
}