{
  "created_at": "2026-02-20T00:09:57",
  "checkpoint_path": "tinker://c63cb939-1662-578f-9353-9cebd4bb9670:train:0/sampler_weights/reasoning_sft_20260219_225250_step_48_eval",
  "checkpoint_name": "reasoning_sft_20260219_225250_step_48_eval",
  "step": 48,
  "split": "test",
  "dataset_fingerprint": "c2cb607f54c1f6fee334f6830ddc0c68e3a85a8628f8a06337c434bced3abca3",
  "config_fingerprint": "aff1ecfe1403e6808d4ebe03f5a6b0b9a01b419cd9f2bb0f72bc31e49b5f0d55",
  "metrics": {
    "loss": 0.5877316049487072,
    "cls_loss": 0.5877316049487071,
    "accuracy": 0.9,
    "macro_f1": 0.8975922807336945,
    "auroc": 0.9464253393665158,
    "auprc": 0.9121726084253718,
    "invalid_label_rate": 0.0,
    "decision_threshold": 0.16451540604022963,
    "balanced_accuracy": 0.895475113122172,
    "F1": 0.8818897637795275,
    "mcc": 0.7959359391230199,
    "precision": 0.9032258064516129,
    "recall": 0.8615384615384616,
    "tp": 56,
    "fp": 6,
    "fn": 9,
    "tn": 79
  }
}