{
  "created_at": "2026-02-20T00:28:32",
  "checkpoint_path": "tinker://c63cb939-1662-578f-9353-9cebd4bb9670:train:0/sampler_weights/reasoning_sft_20260219_225250_final",
  "checkpoint_name": "reasoning_sft_20260219_225250_final",
  "step": 57,
  "split": "val_final",
  "dataset_fingerprint": "c2cb607f54c1f6fee334f6830ddc0c68e3a85a8628f8a06337c434bced3abca3",
  "config_fingerprint": "aff1ecfe1403e6808d4ebe03f5a6b0b9a01b419cd9f2bb0f72bc31e49b5f0d55",
  "metrics": {
    "loss": 0.5740200444779184,
    "cls_loss": 0.5740200444779185,
    "accuracy": 0.9,
    "macro_f1": 0.8983693933782013,
    "auroc": 0.925972850678733,
    "auprc": 0.8982937908752946,
    "invalid_label_rate": 0.0,
    "decision_threshold": 0.16760764755184984,
    "balanced_accuracy": 0.8990950226244344,
    "F1": 0.8854961832061069,
    "mcc": 0.7968211214756935,
    "precision": 0.8787878787878788,
    "recall": 0.8923076923076924,
    "tp": 58,
    "fp": 8,
    "fn": 7,
    "tn": 77
  }
}