{
  "created_at": "2026-02-20T00:24:17",
  "checkpoint_path": "tinker://c63cb939-1662-578f-9353-9cebd4bb9670:train:0/sampler_weights/reasoning_sft_20260219_225250_step_56_eval",
  "checkpoint_name": "reasoning_sft_20260219_225250_step_56_eval",
  "step": 56,
  "split": "test",
  "dataset_fingerprint": "c2cb607f54c1f6fee334f6830ddc0c68e3a85a8628f8a06337c434bced3abca3",
  "config_fingerprint": "aff1ecfe1403e6808d4ebe03f5a6b0b9a01b419cd9f2bb0f72bc31e49b5f0d55",
  "metrics": {
    "loss": 0.5715798453364579,
    "cls_loss": 0.5715798453364578,
    "accuracy": 0.9066666666666666,
    "macro_f1": 0.9046148255813953,
    "auroc": 0.945158371040724,
    "auprc": 0.9057957507758843,
    "invalid_label_rate": 0.0,
    "decision_threshold": 0.1645177327699119,
    "balanced_accuracy": 0.9031674208144796,
    "F1": 0.890625,
    "mcc": 0.809564892164009,
    "precision": 0.9047619047619048,
    "recall": 0.8769230769230769,
    "tp": 57,
    "fp": 6,
    "fn": 8,
    "tn": 79
  }
}