{
  "created_at": "2026-02-20T00:36:08",
  "checkpoint_path": "tinker://c63cb939-1662-578f-9353-9cebd4bb9670:train:0/sampler_weights/reasoning_sft_20260219_225250_step_56_eval",
  "checkpoint_name": "reasoning_sft_20260219_225250_bestval",
  "step": 56,
  "split": "test_bestval",
  "dataset_fingerprint": "c2cb607f54c1f6fee334f6830ddc0c68e3a85a8628f8a06337c434bced3abca3",
  "config_fingerprint": "aff1ecfe1403e6808d4ebe03f5a6b0b9a01b419cd9f2bb0f72bc31e49b5f0d55",
  "metrics": {
    "loss": 0.5652904887877785,
    "cls_loss": 0.5652904887877785,
    "accuracy": 0.92,
    "macro_f1": 0.9188311688311688,
    "auroc": 0.9447963800904977,
    "auprc": 0.9048844866758871,
    "invalid_label_rate": 0.0,
    "decision_threshold": 0.1645177327699119,
    "balanced_accuracy": 0.9203619909502263,
    "F1": 0.9090909090909091,
    "mcc": 0.8379982845832699,
    "precision": 0.8955223880597015,
    "recall": 0.9230769230769231,
    "tp": 60,
    "fp": 7,
    "fn": 5,
    "tn": 78
  }
}