{
  "created_at": "2026-02-19T23:48:20",
  "checkpoint_path": "tinker://c63cb939-1662-578f-9353-9cebd4bb9670:train:0/sampler_weights/reasoning_sft_20260219_225250_step_32_eval",
  "checkpoint_name": "reasoning_sft_20260219_225250_step_32_eval",
  "step": 32,
  "split": "test",
  "dataset_fingerprint": "c2cb607f54c1f6fee334f6830ddc0c68e3a85a8628f8a06337c434bced3abca3",
  "config_fingerprint": "aff1ecfe1403e6808d4ebe03f5a6b0b9a01b419cd9f2bb0f72bc31e49b5f0d55",
  "metrics": {
    "loss": 0.620339876679184,
    "cls_loss": 0.6203398766791841,
    "accuracy": 0.8933333333333333,
    "macro_f1": 0.8909883720930232,
    "auroc": 0.9404524886877828,
    "auprc": 0.9046235439457767,
    "invalid_label_rate": 0.0,
    "decision_threshold": 0.1505088526687831,
    "balanced_accuracy": 0.8895927601809954,
    "F1": 0.875,
    "mcc": 0.7823068149867697,
    "precision": 0.8888888888888888,
    "recall": 0.8615384615384616,
    "tp": 56,
    "fp": 7,
    "fn": 9,
    "tn": 78
  }
}