{
  "created_at": "2026-02-20T00:24:17",
  "checkpoint_path": "tinker://c63cb939-1662-578f-9353-9cebd4bb9670:train:0/sampler_weights/reasoning_sft_20260219_225250_step_56_eval",
  "checkpoint_name": "reasoning_sft_20260219_225250_step_56_eval",
  "step": 56,
  "split": "val",
  "dataset_fingerprint": "c2cb607f54c1f6fee334f6830ddc0c68e3a85a8628f8a06337c434bced3abca3",
  "config_fingerprint": "aff1ecfe1403e6808d4ebe03f5a6b0b9a01b419cd9f2bb0f72bc31e49b5f0d55",
  "metrics": {
    "loss": 0.572557428541731,
    "cls_loss": 0.5725574285417311,
    "accuracy": 0.9,
    "macro_f1": 0.8983693933782013,
    "auroc": 0.9270588235294118,
    "auprc": 0.9037688373321167,
    "invalid_label_rate": 0.0,
    "decision_threshold": 0.1645177327699119,
    "balanced_accuracy": 0.8990950226244344,
    "F1": 0.8854961832061069,
    "mcc": 0.7968211214756935,
    "precision": 0.8787878787878788,
    "recall": 0.8923076923076924,
    "tp": 58,
    "fp": 8,
    "fn": 7,
    "tn": 77
  }
}