{
  "created_at": "2026-02-20T00:09:57",
  "checkpoint_path": "tinker://c63cb939-1662-578f-9353-9cebd4bb9670:train:0/sampler_weights/reasoning_sft_20260219_225250_step_48_eval",
  "checkpoint_name": "reasoning_sft_20260219_225250_step_48_eval",
  "step": 48,
  "split": "val",
  "dataset_fingerprint": "c2cb607f54c1f6fee334f6830ddc0c68e3a85a8628f8a06337c434bced3abca3",
  "config_fingerprint": "aff1ecfe1403e6808d4ebe03f5a6b0b9a01b419cd9f2bb0f72bc31e49b5f0d55",
  "metrics": {
    "loss": 0.5919963070486542,
    "cls_loss": 0.5919963070486546,
    "accuracy": 0.9,
    "macro_f1": 0.898000815993472,
    "auroc": 0.9230769230769231,
    "auprc": 0.8924824389932121,
    "invalid_label_rate": 0.0,
    "decision_threshold": 0.16451540604022963,
    "balanced_accuracy": 0.8972850678733031,
    "F1": 0.8837209302325582,
    "mcc": 0.7960844968655256,
    "precision": 0.890625,
    "recall": 0.8769230769230769,
    "tp": 57,
    "fp": 7,
    "fn": 8,
    "tn": 78
  }
}