{
  "created_at": "2026-02-19T23:48:20",
  "checkpoint_path": "tinker://c63cb939-1662-578f-9353-9cebd4bb9670:train:0/sampler_weights/reasoning_sft_20260219_225250_step_32_eval",
  "checkpoint_name": "reasoning_sft_20260219_225250_step_32_eval",
  "step": 32,
  "split": "val",
  "dataset_fingerprint": "c2cb607f54c1f6fee334f6830ddc0c68e3a85a8628f8a06337c434bced3abca3",
  "config_fingerprint": "aff1ecfe1403e6808d4ebe03f5a6b0b9a01b419cd9f2bb0f72bc31e49b5f0d55",
  "metrics": {
    "loss": 0.6180121831917957,
    "cls_loss": 0.6180121831917958,
    "accuracy": 0.8866666666666667,
    "macro_f1": 0.8851920219710954,
    "auroc": 0.9221719457013575,
    "auprc": 0.8939758003638298,
    "invalid_label_rate": 0.0,
    "decision_threshold": 0.1505088526687831,
    "balanced_accuracy": 0.8873303167420814,
    "F1": 0.8721804511278195,
    "mcc": 0.7711098403057731,
    "precision": 0.8529411764705882,
    "recall": 0.8923076923076924,
    "tp": 58,
    "fp": 10,
    "fn": 7,
    "tn": 75
  }
}