{
  "created_at": "2026-02-20T00:32:29",
  "checkpoint_path": "tinker://c63cb939-1662-578f-9353-9cebd4bb9670:train:0/sampler_weights/reasoning_sft_20260219_225250_final",
  "checkpoint_name": "reasoning_sft_20260219_225250_final",
  "step": 57,
  "split": "test_final",
  "dataset_fingerprint": "c2cb607f54c1f6fee334f6830ddc0c68e3a85a8628f8a06337c434bced3abca3",
  "config_fingerprint": "aff1ecfe1403e6808d4ebe03f5a6b0b9a01b419cd9f2bb0f72bc31e49b5f0d55",
  "metrics": {
    "loss": 0.5697373569774772,
    "cls_loss": 0.5697373569774773,
    "accuracy": 0.8933333333333333,
    "macro_f1": 0.8914027149321266,
    "auroc": 0.9446153846153846,
    "auprc": 0.9086668824982334,
    "invalid_label_rate": 0.0,
    "decision_threshold": 0.16760764755184984,
    "balanced_accuracy": 0.8914027149321266,
    "F1": 0.8769230769230769,
    "mcc": 0.7828054298642534,
    "precision": 0.8769230769230769,
    "recall": 0.8769230769230769,
    "tp": 57,
    "fp": 8,
    "fn": 8,
    "tn": 77
  }
}