{"train/auprc":1,"bestval_test/accuracy":0.6,"train/invalid_label_rate":0,"test/invalid_label_rate":0,"train/trainer_loss":0.9645911623491473,"test/accuracy":0.6,"final_test/auprc":0.8041666666666667,"val/invalid_label_rate":0,"train/accuracy":1,"bestval_test/auprc":0.825,"test/auroc":0.875,"bestval_test/invalid_label_rate":0,"final_test/auroc":0.875,"val/accuracy":0.7,"final_test/balanced_accuracy":0.5,"final_test/f1":0,"_step":3,"epoch":2,"_timestamp":1.7715487144956446e+09,"train/eval_cls_loss":2.0806640055867563e-05,"val/auroc":0.9166666666666667,"final_test/invalid_label_rate":0,"val/cls_loss":0.49922899719738834,"val/auprc":0.8875,"train/auroc":1,"test/loss":0.5543291670105708,"teacher/accepted_samples":9,"bestval_test/balanced_accuracy":0.5,"selection/metric_name":"macro_f1","_wandb":{"runtime":158},"train/eval_loss":2.0806640055867567e-05,"_runtime":158.852119081,"best_step":0,"test/auprc":0.8041666666666667,"train/lr":1.9999999999999995e-05,"test/macro_f1":0.375,"teacher/acceptance_rate":0.5625,"val/macro_f1":0.6000000000000001,"bestval_test/auroc":0.875,"selection/best_val_metric":0.6000000000000001,"val/loss":0.49922899719738834,"bestval_test/f1":0,"test/cls_loss":0.554329167010571,"final_test/accuracy":0.6,"teacher/requested_samples":16}