{"test/accuracy":0.6,"val/loss":0.5162074321104421,"test/auprc":0.8041666666666667,"val/accuracy":0.6,"bestval_test/balanced_accuracy":0.5,"test/auroc":0.875,"val/macro_f1":0.375,"final_test/balanced_accuracy":0.5,"_timestamp":1.7715478998766854e+09,"test/cls_loss":0.5678863041910819,"train/eval_cls_loss":3.3557677561974196e-05,"bestval_test/auroc":0.875,"bestval_test/auprc":0.8041666666666667,"teacher/acceptance_rate":0.6923076923076923,"final_test/invalid_label_rate":0,"val/auroc":0.9166666666666667,"val/cls_loss":0.5162074321104421,"val/invalid_label_rate":0,"train/eval_loss":3.3557677561974196e-05,"test/loss":0.5678863041910819,"final_test/f1":0,"selection/best_val_metric":0.375,"bestval_test/accuracy":0.6,"final_test/accuracy":0.6,"_step":3,"train/auprc":1,"_wandb":{"runtime":93},"_runtime":93.362028965,"final_test/auprc":0.8041666666666667,"train/lr":1.9999999999999995e-05,"train/auroc":1,"test/invalid_label_rate":0,"teacher/requested_samples":13,"best_step":0,"train/invalid_label_rate":0,"train/trainer_loss":1.1396379770228309,"test/macro_f1":0.375,"epoch":2,"train/accuracy":1,"final_test/auroc":0.875,"bestval_test/f1":0,"val/auprc":0.8875,"bestval_test/invalid_label_rate":0,"teacher/accepted_samples":9,"selection/metric_name":"macro_f1"}