{"bestval_test/balanced_accuracy":0.6692307692307693,"_timestamp":1.7715557463055887e+09,"test/cls_loss":0.5483329328538635,"selection/metric_name":"macro_f1","test/accuracy":0.7066666666666667,"train/eval_loss":0.0002970190161015318,"teacher/acceptance_rate":0.5832531280076997,"best_step":56,"val/cls_loss":0.5562560080514664,"val/invalid_label_rate":0,"train/auroc":1,"bestval_test/auroc":0.9485972850678734,"teacher/requested_samples":1039,"train/invalid_label_rate":0,"val/accuracy":0.7266666666666667,"test/invalid_label_rate":0,"final_test/invalid_label_rate":0,"test/auroc":0.9473303167420815,"test/loss":0.5483329328538634,"test/auprc":0.9181070613527935,"test/macro_f1":0.6413823081938709,"selection/best_val_metric":0.6766391503233609,"final_test/auroc":0.9489592760180996,"_wandb":{"runtime":5442},"train/eval_cls_loss":0.0002970190161015318,"val/auroc":0.927420814479638,"val/macro_f1":0.6766391503233609,"_step":57,"bestval_test/accuracy":0.7133333333333334,"bestval_test/invalid_label_rate":0,"teacher/accepted_samples":606,"epoch":2,"train/auprc":0.9999999999999998,"final_test/f1":0.47058823529411764,"final_test/accuracy":0.7,"final_test/auprc":0.9193331851254655,"train/trainer_loss":0.45005662363906646,"final_test/balanced_accuracy":0.6538461538461539,"bestval_test/auprc":0.9189146323828412,"train/lr":1.9999999999999995e-05,"bestval_test/f1":0.5057471264367817,"val/loss":0.5562560080514664,"val/auprc":0.9037413874874749,"train/accuracy":1,"_runtime":5442.852381047}